"year","carrier","state","xi"
2009,"ATT","AL",-0.0307196706932744
2009,"ATT","AR",-0.159366019270632
2009,"ATT","AZ",0.161605507619946
2009,"ATT","CA",0.743617521410608
2009,"ATT","CO",0.344247402154873
2009,"ATT","CT",0.576845234860192
2009,"ATT","DC",1.11804283807663
2009,"ATT","DE",0.30029745014567
2009,"ATT","FL",0.162296884640082
2009,"ATT","GA",0.322394889225297
2009,"ATT","IA",-0.0468964519646927
2009,"ATT","ID",-0.111298275771824
2009,"ATT","IL",0.316028727853198
2009,"ATT","IN",-0.0469758297899807
2009,"ATT","KS",-0.0185164335422119
2009,"ATT","KY",-0.262604806588856
2009,"ATT","LA",0.0279939346643578
2009,"ATT","MA",0.424170496581105
2009,"ATT","MD",0.821303296763852
2009,"ATT","ME",-0.34628961999229
2009,"ATT","MI",0.0311940785057029
2009,"ATT","MN",0.216832447252906
2009,"ATT","MO",0.0181763091567523
2009,"ATT","MS",-0.0431470705842127
2009,"ATT","NC",0.142046275263083
2009,"ATT","NE",0.00183435547614205
2009,"ATT","NH",0.243056978372174
2009,"ATT","NJ",0.628880602731317
2009,"ATT","NM",0.141210413820258
2009,"ATT","NV",0.242908051971349
2009,"ATT","NY",0.421125565452193
2009,"ATT","OH",-0.017763400470002
2009,"ATT","OK",-0.136815221379832
2009,"ATT","OR",0.0761842392840167
2009,"ATT","PA",0.150738072920729
2009,"ATT","RI",0.218006327186633
2009,"ATT","SC",0.0769795798564037
2009,"ATT","SD",-0.25139746215742
2009,"ATT","TN",-0.0458377225118521
2009,"ATT","TX",0.482509868788545
2009,"ATT","UT",0.277800267877988
2009,"ATT","VA",0.45562549586258
2009,"ATT","VT",-0.0867790885967197
2009,"ATT","WA",0.336386275264943
2009,"ATT","WI",-0.0030104879825439
2009,"ATT","WV",-0.371595331635153
2009,"ATT","MT",-0.290504633038152
2009,"ATT","ND",-0.168743557991348
2009,"ATT","WY",-0.118886525847906
2009,"Sprint","AL",-0.822766670693274
2009,"Sprint","AR",-0.951413019270632
2009,"Sprint","AZ",-0.630441492380054
2009,"Sprint","CA",-0.0484294785893918
2009,"Sprint","CO",-0.447799597845127
2009,"Sprint","CT",-0.215201765139807
2009,"Sprint","DC",0.325995838076632
2009,"Sprint","DE",-0.49174954985433
2009,"Sprint","FL",-0.629750115359918
2009,"Sprint","GA",-0.469652110774703
2009,"Sprint","IA",-0.838943451964693
2009,"Sprint","ID",-0.903345275771824
2009,"Sprint","IL",-0.476018272146802
2009,"Sprint","IN",-0.839022829789981
2009,"Sprint","KS",-0.810563433542212
2009,"Sprint","KY",-1.05465180658886
2009,"Sprint","LA",-0.764053065335642
2009,"Sprint","MA",-0.367876503418895
2009,"Sprint","MD",0.0292562967638526
2009,"Sprint","ME",-1.13833661999229
2009,"Sprint","MI",-0.760852921494297
2009,"Sprint","MN",-0.575214552747094
2009,"Sprint","MO",-0.773870690843248
2009,"Sprint","MS",-0.835194070584213
2009,"Sprint","NC",-0.650000724736917
2009,"Sprint","NE",-0.790212644523858
2009,"Sprint","NH",-0.548990021627826
2009,"Sprint","NJ",-0.163166397268683
2009,"Sprint","NM",-0.650836586179742
2009,"Sprint","NV",-0.549138948028651
2009,"Sprint","NY",-0.370921434547806
2009,"Sprint","OH",-0.809810400470002
2009,"Sprint","OK",-0.928862221379832
2009,"Sprint","OR",-0.715862760715983
2009,"Sprint","PA",-0.641308927079271
2009,"Sprint","RI",-0.574040672813367
2009,"Sprint","SC",-0.715067420143596
2009,"Sprint","SD",-1.04344446215742
2009,"Sprint","TN",-0.837884722511852
2009,"Sprint","TX",-0.309537131211455
2009,"Sprint","UT",-0.514246732122012
2009,"Sprint","VA",-0.33642150413742
2009,"Sprint","VT",-0.87882608859672
2009,"Sprint","WA",-0.455660724735057
2009,"Sprint","WI",-0.795057487982544
2009,"Sprint","WV",-1.16364233163515
2009,"Sprint","MT",-1.08255163303815
2009,"Sprint","ND",-0.960790557991348
2009,"Sprint","WY",-0.910933525847906
2009,"TMobile","AL",-0.896692670693274
2009,"TMobile","AR",-1.02533901927063
2009,"TMobile","AZ",-0.704367492380054
2009,"TMobile","CA",-0.122355478589392
2009,"TMobile","CO",-0.521725597845127
2009,"TMobile","CT",-0.289127765139808
2009,"TMobile","DC",0.252069838076632
2009,"TMobile","DE",-0.56567554985433
2009,"TMobile","FL",-0.703676115359918
2009,"TMobile","GA",-0.543578110774703
2009,"TMobile","IA",-0.912869451964693
2009,"TMobile","ID",-0.977271275771824
2009,"TMobile","IL",-0.549944272146802
2009,"TMobile","IN",-0.912948829789981
2009,"TMobile","KS",-0.884489433542212
2009,"TMobile","KY",-1.12857780658886
2009,"TMobile","LA",-0.837979065335642
2009,"TMobile","MA",-0.441802503418895
2009,"TMobile","MD",-0.0446697032361475
2009,"TMobile","ME",-1.21226261999229
2009,"TMobile","MI",-0.834778921494297
2009,"TMobile","MN",-0.649140552747094
2009,"TMobile","MO",-0.847796690843248
2009,"TMobile","MS",-0.909120070584213
2009,"TMobile","NC",-0.723926724736917
2009,"TMobile","NE",-0.864138644523858
2009,"TMobile","NH",-0.622916021627826
2009,"TMobile","NJ",-0.237092397268683
2009,"TMobile","NM",-0.724762586179742
2009,"TMobile","NV",-0.623064948028651
2009,"TMobile","NY",-0.444847434547807
2009,"TMobile","OH",-0.883736400470002
2009,"TMobile","OK",-1.00278822137983
2009,"TMobile","OR",-0.789788760715983
2009,"TMobile","PA",-0.715234927079271
2009,"TMobile","RI",-0.647966672813367
2009,"TMobile","SC",-0.788993420143596
2009,"TMobile","SD",-1.11737046215742
2009,"TMobile","TN",-0.911810722511852
2009,"TMobile","TX",-0.383463131211455
2009,"TMobile","UT",-0.588172732122012
2009,"TMobile","VA",-0.41034750413742
2009,"TMobile","VT",-0.95275208859672
2009,"TMobile","WA",-0.529586724735057
2009,"TMobile","WI",-0.868983487982544
2009,"TMobile","WV",-1.23756833163515
2009,"TMobile","MT",-1.15647763303815
2009,"TMobile","ND",-1.03471655799135
2009,"TMobile","WY",-0.984859525847906
2009,"Verizon","AL",0.276032329306726
2009,"Verizon","AR",0.147385980729368
2009,"Verizon","AZ",0.468357507619946
2009,"Verizon","CA",1.05036952141061
2009,"Verizon","CO",0.650999402154873
2009,"Verizon","CT",0.883597234860192
2009,"Verizon","DC",1.42479483807663
2009,"Verizon","DE",0.60704945014567
2009,"Verizon","FL",0.469048884640082
2009,"Verizon","GA",0.629146889225297
2009,"Verizon","IA",0.259855548035307
2009,"Verizon","ID",0.195453724228176
2009,"Verizon","IL",0.622780727853198
2009,"Verizon","IN",0.259776170210019
2009,"Verizon","KS",0.288235566457788
2009,"Verizon","KY",0.0441471934111443
2009,"Verizon","LA",0.334745934664358
2009,"Verizon","MA",0.730922496581105
2009,"Verizon","MD",1.12805529676385
2009,"Verizon","ME",-0.0395376199922897
2009,"Verizon","MI",0.337946078505703
2009,"Verizon","MN",0.523584447252906
2009,"Verizon","MO",0.324928309156752
2009,"Verizon","MS",0.263604929415787
2009,"Verizon","NC",0.448798275263083
2009,"Verizon","NE",0.308586355476142
2009,"Verizon","NH",0.549808978372174
2009,"Verizon","NJ",0.935632602731317
2009,"Verizon","NM",0.447962413820258
2009,"Verizon","NV",0.549660051971349
2009,"Verizon","NY",0.727877565452194
2009,"Verizon","OH",0.288988599529998
2009,"Verizon","OK",0.169936778620168
2009,"Verizon","OR",0.382936239284017
2009,"Verizon","PA",0.457490072920729
2009,"Verizon","RI",0.524758327186633
2009,"Verizon","SC",0.383731579856404
2009,"Verizon","SD",0.0553545378425799
2009,"Verizon","TN",0.260914277488148
2009,"Verizon","TX",0.789261868788545
2009,"Verizon","UT",0.584552267877988
2009,"Verizon","VA",0.76237749586258
2009,"Verizon","VT",0.21997291140328
2009,"Verizon","WA",0.643138275264943
2009,"Verizon","WI",0.303741512017456
2009,"Verizon","WV",-0.0648433316351534
2009,"Verizon","MT",0.0162473669618479
2009,"Verizon","ND",0.138008442008652
2009,"Verizon","WY",0.187865474152094
2010,"ATT","AL",-0.108163670693274
2010,"ATT","AR",-0.236810019270632
2010,"ATT","AZ",0.0841615076199456
2010,"ATT","CA",0.666173521410608
2010,"ATT","CO",0.266803402154873
2010,"ATT","CT",0.499401234860192
2010,"ATT","DC",1.04059883807663
2010,"ATT","DE",0.22285345014567
2010,"ATT","FL",0.0848528846400817
2010,"ATT","GA",0.244950889225297
2010,"ATT","IA",-0.124340451964693
2010,"ATT","ID",-0.188742275771824
2010,"ATT","IL",0.238584727853198
2010,"ATT","IN",-0.124419829789981
2010,"ATT","KS",-0.0959604335422119
2010,"ATT","KY",-0.340048806588856
2010,"ATT","LA",-0.0494500653356422
2010,"ATT","MA",0.346726496581105
2010,"ATT","MD",0.743859296763853
2010,"ATT","ME",-0.42373361999229
2010,"ATT","MI",-0.0462499214942971
2010,"ATT","MN",0.139388447252906
2010,"ATT","MO",-0.0592676908432477
2010,"ATT","MS",-0.120591070584213
2010,"ATT","NC",0.0646022752630828
2010,"ATT","NE",-0.0756096445238579
2010,"ATT","NH",0.165612978372174
2010,"ATT","NJ",0.551436602731317
2010,"ATT","NM",0.0637664138202582
2010,"ATT","NV",0.165464051971349
2010,"ATT","NY",0.343681565452193
2010,"ATT","OH",-0.095207400470002
2010,"ATT","OK",-0.214259221379832
2010,"ATT","OR",-0.00125976071598326
2010,"ATT","PA",0.0732940729207286
2010,"ATT","RI",0.140562327186633
2010,"ATT","SC",-0.000464420143596281
2010,"ATT","SD",-0.32884146215742
2010,"ATT","TN",-0.123281722511852
2010,"ATT","TX",0.405065868788545
2010,"ATT","UT",0.200356267877988
2010,"ATT","VA",0.37818149586258
2010,"ATT","VT",-0.16422308859672
2010,"ATT","WA",0.258942275264943
2010,"ATT","WI",-0.0804544879825439
2010,"ATT","WV",-0.449039331635153
2010,"ATT","MT",-0.367948633038152
2010,"ATT","ND",-0.246187557991348
2010,"ATT","WY",-0.196330525847906
2010,"Sprint","AL",-0.900210670693274
2010,"Sprint","AR",-1.02885701927063
2010,"Sprint","AZ",-0.707885492380054
2010,"Sprint","CA",-0.125873478589392
2010,"Sprint","CO",-0.525243597845127
2010,"Sprint","CT",-0.292645765139807
2010,"Sprint","DC",0.248551838076632
2010,"Sprint","DE",-0.56919354985433
2010,"Sprint","FL",-0.707194115359918
2010,"Sprint","GA",-0.547096110774703
2010,"Sprint","IA",-0.916387451964693
2010,"Sprint","ID",-0.980789275771824
2010,"Sprint","IL",-0.553462272146802
2010,"Sprint","IN",-0.916466829789981
2010,"Sprint","KS",-0.888007433542212
2010,"Sprint","KY",-1.13209580658886
2010,"Sprint","LA",-0.841497065335642
2010,"Sprint","MA",-0.445320503418895
2010,"Sprint","MD",-0.0481877032361474
2010,"Sprint","ME",-1.21578061999229
2010,"Sprint","MI",-0.838296921494297
2010,"Sprint","MN",-0.652658552747094
2010,"Sprint","MO",-0.851314690843248
2010,"Sprint","MS",-0.912638070584213
2010,"Sprint","NC",-0.727444724736917
2010,"Sprint","NE",-0.867656644523858
2010,"Sprint","NH",-0.626434021627826
2010,"Sprint","NJ",-0.240610397268683
2010,"Sprint","NM",-0.728280586179742
2010,"Sprint","NV",-0.626582948028651
2010,"Sprint","NY",-0.448365434547806
2010,"Sprint","OH",-0.887254400470002
2010,"Sprint","OK",-1.00630622137983
2010,"Sprint","OR",-0.793306760715983
2010,"Sprint","PA",-0.718752927079271
2010,"Sprint","RI",-0.651484672813367
2010,"Sprint","SC",-0.792511420143596
2010,"Sprint","SD",-1.12088846215742
2010,"Sprint","TN",-0.915328722511852
2010,"Sprint","TX",-0.386981131211455
2010,"Sprint","UT",-0.591690732122012
2010,"Sprint","VA",-0.41386550413742
2010,"Sprint","VT",-0.95627008859672
2010,"Sprint","WA",-0.533104724735057
2010,"Sprint","WI",-0.872501487982544
2010,"Sprint","WV",-1.24108633163515
2010,"Sprint","MT",-1.15999563303815
2010,"Sprint","ND",-1.03823455799135
2010,"Sprint","WY",-0.988377525847906
2010,"TMobile","AL",-0.974136670693274
2010,"TMobile","AR",-1.10278301927063
2010,"TMobile","AZ",-0.781811492380054
2010,"TMobile","CA",-0.199799478589392
2010,"TMobile","CO",-0.599169597845127
2010,"TMobile","CT",-0.366571765139807
2010,"TMobile","DC",0.174625838076632
2010,"TMobile","DE",-0.64311954985433
2010,"TMobile","FL",-0.781120115359918
2010,"TMobile","GA",-0.621022110774703
2010,"TMobile","IA",-0.990313451964693
2010,"TMobile","ID",-1.05471527577182
2010,"TMobile","IL",-0.627388272146802
2010,"TMobile","IN",-0.990392829789981
2010,"TMobile","KS",-0.961933433542212
2010,"TMobile","KY",-1.20602180658886
2010,"TMobile","LA",-0.915423065335642
2010,"TMobile","MA",-0.519246503418895
2010,"TMobile","MD",-0.122113703236147
2010,"TMobile","ME",-1.28970661999229
2010,"TMobile","MI",-0.912222921494297
2010,"TMobile","MN",-0.726584552747094
2010,"TMobile","MO",-0.925240690843248
2010,"TMobile","MS",-0.986564070584213
2010,"TMobile","NC",-0.801370724736917
2010,"TMobile","NE",-0.941582644523858
2010,"TMobile","NH",-0.700360021627826
2010,"TMobile","NJ",-0.314536397268683
2010,"TMobile","NM",-0.802206586179742
2010,"TMobile","NV",-0.700508948028651
2010,"TMobile","NY",-0.522291434547806
2010,"TMobile","OH",-0.961180400470002
2010,"TMobile","OK",-1.08023222137983
2010,"TMobile","OR",-0.867232760715983
2010,"TMobile","PA",-0.792678927079271
2010,"TMobile","RI",-0.725410672813367
2010,"TMobile","SC",-0.866437420143596
2010,"TMobile","SD",-1.19481446215742
2010,"TMobile","TN",-0.989254722511852
2010,"TMobile","TX",-0.460907131211455
2010,"TMobile","UT",-0.665616732122012
2010,"TMobile","VA",-0.48779150413742
2010,"TMobile","VT",-1.03019608859672
2010,"TMobile","WA",-0.607030724735057
2010,"TMobile","WI",-0.946427487982544
2010,"TMobile","WV",-1.31501233163515
2010,"TMobile","MT",-1.23392163303815
2010,"TMobile","ND",-1.11216055799135
2010,"TMobile","WY",-1.06230352584791
2010,"Verizon","AL",0.198588329306726
2010,"Verizon","AR",0.0699419807293676
2010,"Verizon","AZ",0.390913507619946
2010,"Verizon","CA",0.972925521410608
2010,"Verizon","CO",0.573555402154873
2010,"Verizon","CT",0.806153234860193
2010,"Verizon","DC",1.34735083807663
2010,"Verizon","DE",0.52960545014567
2010,"Verizon","FL",0.391604884640082
2010,"Verizon","GA",0.551702889225297
2010,"Verizon","IA",0.182411548035307
2010,"Verizon","ID",0.118009724228176
2010,"Verizon","IL",0.545336727853198
2010,"Verizon","IN",0.182332170210019
2010,"Verizon","KS",0.210791566457788
2010,"Verizon","KY",-0.0332968065888557
2010,"Verizon","LA",0.257301934664358
2010,"Verizon","MA",0.653478496581105
2010,"Verizon","MD",1.05061129676385
2010,"Verizon","ME",-0.11698161999229
2010,"Verizon","MI",0.260502078505703
2010,"Verizon","MN",0.446140447252906
2010,"Verizon","MO",0.247484309156752
2010,"Verizon","MS",0.186160929415787
2010,"Verizon","NC",0.371354275263083
2010,"Verizon","NE",0.231142355476142
2010,"Verizon","NH",0.472364978372174
2010,"Verizon","NJ",0.858188602731317
2010,"Verizon","NM",0.370518413820258
2010,"Verizon","NV",0.472216051971349
2010,"Verizon","NY",0.650433565452194
2010,"Verizon","OH",0.211544599529998
2010,"Verizon","OK",0.0924927786201678
2010,"Verizon","OR",0.305492239284017
2010,"Verizon","PA",0.380046072920729
2010,"Verizon","RI",0.447314327186633
2010,"Verizon","SC",0.306287579856404
2010,"Verizon","SD",-0.0220894621574201
2010,"Verizon","TN",0.183470277488148
2010,"Verizon","TX",0.711817868788545
2010,"Verizon","UT",0.507108267877988
2010,"Verizon","VA",0.68493349586258
2010,"Verizon","VT",0.14252891140328
2010,"Verizon","WA",0.565694275264943
2010,"Verizon","WI",0.226297512017456
2010,"Verizon","WV",-0.142287331635153
2010,"Verizon","MT",-0.0611966330381521
2010,"Verizon","ND",0.0605644420086518
2010,"Verizon","WY",0.110421474152094
2011,"ATT","AL",-0.157723670693274
2011,"ATT","AR",-0.286370019270632
2011,"ATT","AZ",0.0346015076199456
2011,"ATT","CA",0.616613521410608
2011,"ATT","CO",0.217243402154873
2011,"ATT","CT",0.449841234860192
2011,"ATT","DC",0.991038838076632
2011,"ATT","DE",0.17329345014567
2011,"ATT","FL",0.0352928846400817
2011,"ATT","GA",0.195390889225297
2011,"ATT","IA",-0.173900451964693
2011,"ATT","ID",-0.238302275771824
2011,"ATT","IL",0.189024727853198
2011,"ATT","IN",-0.173979829789981
2011,"ATT","KS",-0.145520433542212
2011,"ATT","KY",-0.389608806588856
2011,"ATT","LA",-0.0990100653356422
2011,"ATT","MA",0.297166496581105
2011,"ATT","MD",0.694299296763852
2011,"ATT","ME",-0.47329361999229
2011,"ATT","MI",-0.0958099214942971
2011,"ATT","MN",0.0898284472529064
2011,"ATT","MO",-0.108827690843248
2011,"ATT","MS",-0.170151070584213
2011,"ATT","NC",0.0150422752630828
2011,"ATT","NE",-0.125169644523858
2011,"ATT","NH",0.116052978372174
2011,"ATT","NJ",0.501876602731317
2011,"ATT","NM",0.0142064138202582
2011,"ATT","NV",0.115904051971349
2011,"ATT","NY",0.294121565452193
2011,"ATT","OH",-0.144767400470002
2011,"ATT","OK",-0.263819221379832
2011,"ATT","OR",-0.0508197607159833
2011,"ATT","PA",0.0237340729207286
2011,"ATT","RI",0.0910023271866328
2011,"ATT","SC",-0.0500244201435963
2011,"ATT","SD",-0.37840146215742
2011,"ATT","TN",-0.172841722511852
2011,"ATT","TX",0.355505868788545
2011,"ATT","UT",0.150796267877988
2011,"ATT","VA",0.32862149586258
2011,"ATT","VT",-0.21378308859672
2011,"ATT","WA",0.209382275264943
2011,"ATT","WI",-0.130014487982544
2011,"ATT","WV",-0.498599331635153
2011,"ATT","MT",-0.417508633038152
2011,"ATT","ND",-0.295747557991348
2011,"ATT","WY",-0.245890525847906
2011,"Sprint","AL",-0.949770670693274
2011,"Sprint","AR",-1.07841701927063
2011,"Sprint","AZ",-0.757445492380054
2011,"Sprint","CA",-0.175433478589392
2011,"Sprint","CO",-0.574803597845127
2011,"Sprint","CT",-0.342205765139807
2011,"Sprint","DC",0.198991838076632
2011,"Sprint","DE",-0.61875354985433
2011,"Sprint","FL",-0.756754115359918
2011,"Sprint","GA",-0.596656110774703
2011,"Sprint","IA",-0.965947451964693
2011,"Sprint","ID",-1.03034927577182
2011,"Sprint","IL",-0.603022272146802
2011,"Sprint","IN",-0.966026829789981
2011,"Sprint","KS",-0.937567433542212
2011,"Sprint","KY",-1.18165580658886
2011,"Sprint","LA",-0.891057065335642
2011,"Sprint","MA",-0.494880503418895
2011,"Sprint","MD",-0.0977477032361475
2011,"Sprint","ME",-1.26534061999229
2011,"Sprint","MI",-0.887856921494297
2011,"Sprint","MN",-0.702218552747094
2011,"Sprint","MO",-0.900874690843248
2011,"Sprint","MS",-0.962198070584213
2011,"Sprint","NC",-0.777004724736917
2011,"Sprint","NE",-0.917216644523858
2011,"Sprint","NH",-0.675994021627826
2011,"Sprint","NJ",-0.290170397268683
2011,"Sprint","NM",-0.777840586179742
2011,"Sprint","NV",-0.676142948028651
2011,"Sprint","NY",-0.497925434547806
2011,"Sprint","OH",-0.936814400470002
2011,"Sprint","OK",-1.05586622137983
2011,"Sprint","OR",-0.842866760715983
2011,"Sprint","PA",-0.768312927079271
2011,"Sprint","RI",-0.701044672813367
2011,"Sprint","SC",-0.842071420143596
2011,"Sprint","SD",-1.17044846215742
2011,"Sprint","TN",-0.964888722511852
2011,"Sprint","TX",-0.436541131211455
2011,"Sprint","UT",-0.641250732122012
2011,"Sprint","VA",-0.46342550413742
2011,"Sprint","VT",-1.00583008859672
2011,"Sprint","WA",-0.582664724735057
2011,"Sprint","WI",-0.922061487982544
2011,"Sprint","WV",-1.29064633163515
2011,"Sprint","MT",-1.20955563303815
2011,"Sprint","ND",-1.08779455799135
2011,"Sprint","WY",-1.03793752584791
2011,"TMobile","AL",-1.02369667069327
2011,"TMobile","AR",-1.15234301927063
2011,"TMobile","AZ",-0.831371492380054
2011,"TMobile","CA",-0.249359478589392
2011,"TMobile","CO",-0.648729597845127
2011,"TMobile","CT",-0.416131765139808
2011,"TMobile","DC",0.125065838076632
2011,"TMobile","DE",-0.69267954985433
2011,"TMobile","FL",-0.830680115359918
2011,"TMobile","GA",-0.670582110774703
2011,"TMobile","IA",-1.03987345196469
2011,"TMobile","ID",-1.10427527577182
2011,"TMobile","IL",-0.676948272146802
2011,"TMobile","IN",-1.03995282978998
2011,"TMobile","KS",-1.01149343354221
2011,"TMobile","KY",-1.25558180658886
2011,"TMobile","LA",-0.964983065335642
2011,"TMobile","MA",-0.568806503418895
2011,"TMobile","MD",-0.171673703236148
2011,"TMobile","ME",-1.33926661999229
2011,"TMobile","MI",-0.961782921494297
2011,"TMobile","MN",-0.776144552747094
2011,"TMobile","MO",-0.974800690843248
2011,"TMobile","MS",-1.03612407058421
2011,"TMobile","NC",-0.850930724736917
2011,"TMobile","NE",-0.991142644523858
2011,"TMobile","NH",-0.749920021627826
2011,"TMobile","NJ",-0.364096397268683
2011,"TMobile","NM",-0.851766586179742
2011,"TMobile","NV",-0.750068948028651
2011,"TMobile","NY",-0.571851434547807
2011,"TMobile","OH",-1.01074040047
2011,"TMobile","OK",-1.12979222137983
2011,"TMobile","OR",-0.916792760715983
2011,"TMobile","PA",-0.842238927079271
2011,"TMobile","RI",-0.774970672813367
2011,"TMobile","SC",-0.915997420143596
2011,"TMobile","SD",-1.24437446215742
2011,"TMobile","TN",-1.03881472251185
2011,"TMobile","TX",-0.510467131211455
2011,"TMobile","UT",-0.715176732122012
2011,"TMobile","VA",-0.53735150413742
2011,"TMobile","VT",-1.07975608859672
2011,"TMobile","WA",-0.656590724735057
2011,"TMobile","WI",-0.995987487982544
2011,"TMobile","WV",-1.36457233163515
2011,"TMobile","MT",-1.28348163303815
2011,"TMobile","ND",-1.16172055799135
2011,"TMobile","WY",-1.11186352584791
2011,"Verizon","AL",0.149028329306726
2011,"Verizon","AR",0.0203819807293676
2011,"Verizon","AZ",0.341353507619946
2011,"Verizon","CA",0.923365521410608
2011,"Verizon","CO",0.523995402154873
2011,"Verizon","CT",0.756593234860192
2011,"Verizon","DC",1.29779083807663
2011,"Verizon","DE",0.48004545014567
2011,"Verizon","FL",0.342044884640082
2011,"Verizon","GA",0.502142889225297
2011,"Verizon","IA",0.132851548035307
2011,"Verizon","ID",0.0684497242281756
2011,"Verizon","IL",0.495776727853198
2011,"Verizon","IN",0.132772170210019
2011,"Verizon","KS",0.161231566457788
2011,"Verizon","KY",-0.0828568065888557
2011,"Verizon","LA",0.207741934664358
2011,"Verizon","MA",0.603918496581105
2011,"Verizon","MD",1.00105129676385
2011,"Verizon","ME",-0.16654161999229
2011,"Verizon","MI",0.210942078505703
2011,"Verizon","MN",0.396580447252906
2011,"Verizon","MO",0.197924309156752
2011,"Verizon","MS",0.136600929415787
2011,"Verizon","NC",0.321794275263083
2011,"Verizon","NE",0.181582355476142
2011,"Verizon","NH",0.422804978372174
2011,"Verizon","NJ",0.808628602731317
2011,"Verizon","NM",0.320958413820258
2011,"Verizon","NV",0.422656051971349
2011,"Verizon","NY",0.600873565452194
2011,"Verizon","OH",0.161984599529998
2011,"Verizon","OK",0.0429327786201678
2011,"Verizon","OR",0.255932239284017
2011,"Verizon","PA",0.330486072920729
2011,"Verizon","RI",0.397754327186633
2011,"Verizon","SC",0.256727579856404
2011,"Verizon","SD",-0.0716494621574201
2011,"Verizon","TN",0.133910277488148
2011,"Verizon","TX",0.662257868788545
2011,"Verizon","UT",0.457548267877988
2011,"Verizon","VA",0.63537349586258
2011,"Verizon","VT",0.0929689114032804
2011,"Verizon","WA",0.516134275264943
2011,"Verizon","WI",0.176737512017456
2011,"Verizon","WV",-0.191847331635153
2011,"Verizon","MT",-0.110756633038152
2011,"Verizon","ND",0.0110044420086518
2011,"Verizon","WY",0.0608614741520942
2012,"ATT","AL",-0.166432670693274
2012,"ATT","AR",-0.295079019270632
2012,"ATT","AZ",0.0258925076199456
2012,"ATT","CA",0.607904521410608
2012,"ATT","CO",0.208534402154873
2012,"ATT","CT",0.441132234860192
2012,"ATT","DC",0.982329838076632
2012,"ATT","DE",0.16458445014567
2012,"ATT","FL",0.0265838846400817
2012,"ATT","GA",0.186681889225297
2012,"ATT","IA",-0.182609451964693
2012,"ATT","ID",-0.247011275771824
2012,"ATT","IL",0.180315727853198
2012,"ATT","IN",-0.182688829789981
2012,"ATT","KS",-0.154229433542212
2012,"ATT","KY",-0.398317806588856
2012,"ATT","LA",-0.107719065335642
2012,"ATT","MA",0.288457496581105
2012,"ATT","MD",0.685590296763853
2012,"ATT","ME",-0.48200261999229
2012,"ATT","MI",-0.104518921494297
2012,"ATT","MN",0.0811194472529064
2012,"ATT","MO",-0.117536690843248
2012,"ATT","MS",-0.178860070584213
2012,"ATT","NC",0.00633327526308278
2012,"ATT","NE",-0.133878644523858
2012,"ATT","NH",0.107343978372174
2012,"ATT","NJ",0.493167602731317
2012,"ATT","NM",0.00549741382025817
2012,"ATT","NV",0.107195051971349
2012,"ATT","NY",0.285412565452194
2012,"ATT","OH",-0.153476400470002
2012,"ATT","OK",-0.272528221379832
2012,"ATT","OR",-0.0595287607159833
2012,"ATT","PA",0.0150250729207286
2012,"ATT","RI",0.0822933271866328
2012,"ATT","SC",-0.0587334201435963
2012,"ATT","SD",-0.38711046215742
2012,"ATT","TN",-0.181550722511852
2012,"ATT","TX",0.346796868788545
2012,"ATT","UT",0.142087267877988
2012,"ATT","VA",0.31991249586258
2012,"ATT","VT",-0.22249208859672
2012,"ATT","WA",0.200673275264943
2012,"ATT","WI",-0.138723487982544
2012,"ATT","WV",-0.507308331635153
2012,"ATT","MT",-0.426217633038152
2012,"ATT","ND",-0.304456557991348
2012,"ATT","WY",-0.254599525847906
2012,"Sprint","AL",-0.958479670693274
2012,"Sprint","AR",-1.08712601927063
2012,"Sprint","AZ",-0.766154492380054
2012,"Sprint","CA",-0.184142478589392
2012,"Sprint","CO",-0.583512597845127
2012,"Sprint","CT",-0.350914765139807
2012,"Sprint","DC",0.190282838076632
2012,"Sprint","DE",-0.62746254985433
2012,"Sprint","FL",-0.765463115359918
2012,"Sprint","GA",-0.605365110774703
2012,"Sprint","IA",-0.974656451964693
2012,"Sprint","ID",-1.03905827577182
2012,"Sprint","IL",-0.611731272146802
2012,"Sprint","IN",-0.974735829789981
2012,"Sprint","KS",-0.946276433542212
2012,"Sprint","KY",-1.19036480658886
2012,"Sprint","LA",-0.899766065335642
2012,"Sprint","MA",-0.503589503418895
2012,"Sprint","MD",-0.106456703236147
2012,"Sprint","ME",-1.27404961999229
2012,"Sprint","MI",-0.896565921494297
2012,"Sprint","MN",-0.710927552747094
2012,"Sprint","MO",-0.909583690843248
2012,"Sprint","MS",-0.970907070584213
2012,"Sprint","NC",-0.785713724736917
2012,"Sprint","NE",-0.925925644523858
2012,"Sprint","NH",-0.684703021627826
2012,"Sprint","NJ",-0.298879397268683
2012,"Sprint","NM",-0.786549586179742
2012,"Sprint","NV",-0.684851948028651
2012,"Sprint","NY",-0.506634434547806
2012,"Sprint","OH",-0.945523400470002
2012,"Sprint","OK",-1.06457522137983
2012,"Sprint","OR",-0.851575760715983
2012,"Sprint","PA",-0.777021927079271
2012,"Sprint","RI",-0.709753672813367
2012,"Sprint","SC",-0.850780420143596
2012,"Sprint","SD",-1.17915746215742
2012,"Sprint","TN",-0.973597722511852
2012,"Sprint","TX",-0.445250131211455
2012,"Sprint","UT",-0.649959732122012
2012,"Sprint","VA",-0.47213450413742
2012,"Sprint","VT",-1.01453908859672
2012,"Sprint","WA",-0.591373724735057
2012,"Sprint","WI",-0.930770487982544
2012,"Sprint","WV",-1.29935533163515
2012,"Sprint","MT",-1.21826463303815
2012,"Sprint","ND",-1.09650355799135
2012,"Sprint","WY",-1.04664652584791
2012,"TMobile","AL",-1.03240567069327
2012,"TMobile","AR",-1.16105201927063
2012,"TMobile","AZ",-0.840080492380054
2012,"TMobile","CA",-0.258068478589392
2012,"TMobile","CO",-0.657438597845127
2012,"TMobile","CT",-0.424840765139808
2012,"TMobile","DC",0.116356838076632
2012,"TMobile","DE",-0.70138854985433
2012,"TMobile","FL",-0.839389115359918
2012,"TMobile","GA",-0.679291110774703
2012,"TMobile","IA",-1.04858245196469
2012,"TMobile","ID",-1.11298427577182
2012,"TMobile","IL",-0.685657272146802
2012,"TMobile","IN",-1.04866182978998
2012,"TMobile","KS",-1.02020243354221
2012,"TMobile","KY",-1.26429080658886
2012,"TMobile","LA",-0.973692065335642
2012,"TMobile","MA",-0.577515503418895
2012,"TMobile","MD",-0.180382703236148
2012,"TMobile","ME",-1.34797561999229
2012,"TMobile","MI",-0.970491921494297
2012,"TMobile","MN",-0.784853552747094
2012,"TMobile","MO",-0.983509690843248
2012,"TMobile","MS",-1.04483307058421
2012,"TMobile","NC",-0.859639724736917
2012,"TMobile","NE",-0.999851644523858
2012,"TMobile","NH",-0.758629021627826
2012,"TMobile","NJ",-0.372805397268683
2012,"TMobile","NM",-0.860475586179742
2012,"TMobile","NV",-0.758777948028651
2012,"TMobile","NY",-0.580560434547807
2012,"TMobile","OH",-1.01944940047
2012,"TMobile","OK",-1.13850122137983
2012,"TMobile","OR",-0.925501760715983
2012,"TMobile","PA",-0.850947927079271
2012,"TMobile","RI",-0.783679672813367
2012,"TMobile","SC",-0.924706420143596
2012,"TMobile","SD",-1.25308346215742
2012,"TMobile","TN",-1.04752372251185
2012,"TMobile","TX",-0.519176131211455
2012,"TMobile","UT",-0.723885732122012
2012,"TMobile","VA",-0.54606050413742
2012,"TMobile","VT",-1.08846508859672
2012,"TMobile","WA",-0.665299724735057
2012,"TMobile","WI",-1.00469648798254
2012,"TMobile","WV",-1.37328133163515
2012,"TMobile","MT",-1.29219063303815
2012,"TMobile","ND",-1.17042955799135
2012,"TMobile","WY",-1.12057252584791
2012,"Verizon","AL",0.140319329306726
2012,"Verizon","AR",0.0116729807293676
2012,"Verizon","AZ",0.332644507619946
2012,"Verizon","CA",0.914656521410608
2012,"Verizon","CO",0.515286402154873
2012,"Verizon","CT",0.747884234860193
2012,"Verizon","DC",1.28908183807663
2012,"Verizon","DE",0.47133645014567
2012,"Verizon","FL",0.333335884640082
2012,"Verizon","GA",0.493433889225297
2012,"Verizon","IA",0.124142548035307
2012,"Verizon","ID",0.0597407242281756
2012,"Verizon","IL",0.487067727853198
2012,"Verizon","IN",0.124063170210019
2012,"Verizon","KS",0.152522566457788
2012,"Verizon","KY",-0.0915658065888557
2012,"Verizon","LA",0.199032934664358
2012,"Verizon","MA",0.595209496581105
2012,"Verizon","MD",0.992342296763853
2012,"Verizon","ME",-0.17525061999229
2012,"Verizon","MI",0.202233078505703
2012,"Verizon","MN",0.387871447252906
2012,"Verizon","MO",0.189215309156752
2012,"Verizon","MS",0.127891929415787
2012,"Verizon","NC",0.313085275263083
2012,"Verizon","NE",0.172873355476142
2012,"Verizon","NH",0.414095978372174
2012,"Verizon","NJ",0.799919602731317
2012,"Verizon","NM",0.312249413820258
2012,"Verizon","NV",0.413947051971349
2012,"Verizon","NY",0.592164565452194
2012,"Verizon","OH",0.153275599529998
2012,"Verizon","OK",0.0342237786201678
2012,"Verizon","OR",0.247223239284017
2012,"Verizon","PA",0.321777072920729
2012,"Verizon","RI",0.389045327186633
2012,"Verizon","SC",0.248018579856404
2012,"Verizon","SD",-0.0803584621574201
2012,"Verizon","TN",0.125201277488148
2012,"Verizon","TX",0.653548868788545
2012,"Verizon","UT",0.448839267877988
2012,"Verizon","VA",0.62666449586258
2012,"Verizon","VT",0.0842599114032804
2012,"Verizon","WA",0.507425275264943
2012,"Verizon","WI",0.168028512017456
2012,"Verizon","WV",-0.200556331635153
2012,"Verizon","MT",-0.119465633038152
2012,"Verizon","ND",0.00229544200865181
2012,"Verizon","WY",0.0521524741520942
2013,"ATT","AL",-0.0474296706932744
2013,"ATT","AR",-0.176076019270632
2013,"ATT","AZ",0.144895507619946
2013,"ATT","CA",0.726907521410608
2013,"ATT","CO",0.327537402154873
2013,"ATT","CT",0.560135234860192
2013,"ATT","DC",1.10133283807663
2013,"ATT","DE",0.28358745014567
2013,"ATT","FL",0.145586884640082
2013,"ATT","GA",0.305684889225297
2013,"ATT","IA",-0.0636064519646927
2013,"ATT","ID",-0.128008275771824
2013,"ATT","IL",0.299318727853198
2013,"ATT","IN",-0.0636858297899807
2013,"ATT","KS",-0.0352264335422119
2013,"ATT","KY",-0.279314806588856
2013,"ATT","LA",0.0112839346643578
2013,"ATT","MA",0.407460496581105
2013,"ATT","MD",0.804593296763852
2013,"ATT","ME",-0.36299961999229
2013,"ATT","MI",0.0144840785057029
2013,"ATT","MN",0.200122447252906
2013,"ATT","MO",0.0014663091567523
2013,"ATT","MS",-0.0598570705842127
2013,"ATT","NC",0.125336275263083
2013,"ATT","NE",-0.0148756445238579
2013,"ATT","NH",0.226346978372174
2013,"ATT","NJ",0.612170602731317
2013,"ATT","NM",0.124500413820258
2013,"ATT","NV",0.226198051971349
2013,"ATT","NY",0.404415565452193
2013,"ATT","OH",-0.034473400470002
2013,"ATT","OK",-0.153525221379832
2013,"ATT","OR",0.0594742392840167
2013,"ATT","PA",0.134028072920729
2013,"ATT","RI",0.201296327186633
2013,"ATT","SC",0.0602695798564037
2013,"ATT","SD",-0.26810746215742
2013,"ATT","TN",-0.0625477225118521
2013,"ATT","TX",0.465799868788545
2013,"ATT","UT",0.261090267877988
2013,"ATT","VA",0.43891549586258
2013,"ATT","VT",-0.10348908859672
2013,"ATT","WA",0.319676275264943
2013,"ATT","WI",-0.0197204879825439
2013,"ATT","WV",-0.388305331635153
2013,"ATT","MT",-0.307214633038152
2013,"ATT","ND",-0.185453557991348
2013,"ATT","WY",-0.135596525847906
2013,"Sprint","AL",-0.839476670693274
2013,"Sprint","AR",-0.968123019270632
2013,"Sprint","AZ",-0.647151492380054
2013,"Sprint","CA",-0.0651394785893918
2013,"Sprint","CO",-0.464509597845127
2013,"Sprint","CT",-0.231911765139807
2013,"Sprint","DC",0.309285838076632
2013,"Sprint","DE",-0.50845954985433
2013,"Sprint","FL",-0.646460115359918
2013,"Sprint","GA",-0.486362110774703
2013,"Sprint","IA",-0.855653451964693
2013,"Sprint","ID",-0.920055275771824
2013,"Sprint","IL",-0.492728272146802
2013,"Sprint","IN",-0.855732829789981
2013,"Sprint","KS",-0.827273433542212
2013,"Sprint","KY",-1.07136180658886
2013,"Sprint","LA",-0.780763065335642
2013,"Sprint","MA",-0.384586503418895
2013,"Sprint","MD",0.0125462967638525
2013,"Sprint","ME",-1.15504661999229
2013,"Sprint","MI",-0.777562921494297
2013,"Sprint","MN",-0.591924552747094
2013,"Sprint","MO",-0.790580690843248
2013,"Sprint","MS",-0.851904070584213
2013,"Sprint","NC",-0.666710724736917
2013,"Sprint","NE",-0.806922644523858
2013,"Sprint","NH",-0.565700021627826
2013,"Sprint","NJ",-0.179876397268683
2013,"Sprint","NM",-0.667546586179742
2013,"Sprint","NV",-0.565848948028651
2013,"Sprint","NY",-0.387631434547806
2013,"Sprint","OH",-0.826520400470002
2013,"Sprint","OK",-0.945572221379832
2013,"Sprint","OR",-0.732572760715983
2013,"Sprint","PA",-0.658018927079271
2013,"Sprint","RI",-0.590750672813367
2013,"Sprint","SC",-0.731777420143596
2013,"Sprint","SD",-1.06015446215742
2013,"Sprint","TN",-0.854594722511852
2013,"Sprint","TX",-0.326247131211455
2013,"Sprint","UT",-0.530956732122012
2013,"Sprint","VA",-0.35313150413742
2013,"Sprint","VT",-0.89553608859672
2013,"Sprint","WA",-0.472370724735057
2013,"Sprint","WI",-0.811767487982544
2013,"Sprint","WV",-1.18035233163515
2013,"Sprint","MT",-1.09926163303815
2013,"Sprint","ND",-0.977500557991348
2013,"Sprint","WY",-0.927643525847906
2013,"TMobile","AL",-0.913402670693274
2013,"TMobile","AR",-1.04204901927063
2013,"TMobile","AZ",-0.721077492380054
2013,"TMobile","CA",-0.139065478589392
2013,"TMobile","CO",-0.538435597845127
2013,"TMobile","CT",-0.305837765139808
2013,"TMobile","DC",0.235359838076632
2013,"TMobile","DE",-0.58238554985433
2013,"TMobile","FL",-0.720386115359918
2013,"TMobile","GA",-0.560288110774703
2013,"TMobile","IA",-0.929579451964693
2013,"TMobile","ID",-0.993981275771824
2013,"TMobile","IL",-0.566654272146802
2013,"TMobile","IN",-0.929658829789981
2013,"TMobile","KS",-0.901199433542212
2013,"TMobile","KY",-1.14528780658886
2013,"TMobile","LA",-0.854689065335642
2013,"TMobile","MA",-0.458512503418895
2013,"TMobile","MD",-0.0613797032361475
2013,"TMobile","ME",-1.22897261999229
2013,"TMobile","MI",-0.851488921494297
2013,"TMobile","MN",-0.665850552747094
2013,"TMobile","MO",-0.864506690843248
2013,"TMobile","MS",-0.925830070584213
2013,"TMobile","NC",-0.740636724736917
2013,"TMobile","NE",-0.880848644523858
2013,"TMobile","NH",-0.639626021627826
2013,"TMobile","NJ",-0.253802397268683
2013,"TMobile","NM",-0.741472586179742
2013,"TMobile","NV",-0.639774948028651
2013,"TMobile","NY",-0.461557434547807
2013,"TMobile","OH",-0.900446400470002
2013,"TMobile","OK",-1.01949822137983
2013,"TMobile","OR",-0.806498760715983
2013,"TMobile","PA",-0.731944927079271
2013,"TMobile","RI",-0.664676672813367
2013,"TMobile","SC",-0.805703420143596
2013,"TMobile","SD",-1.13408046215742
2013,"TMobile","TN",-0.928520722511852
2013,"TMobile","TX",-0.400173131211455
2013,"TMobile","UT",-0.604882732122012
2013,"TMobile","VA",-0.42705750413742
2013,"TMobile","VT",-0.96946208859672
2013,"TMobile","WA",-0.546296724735057
2013,"TMobile","WI",-0.885693487982544
2013,"TMobile","WV",-1.25427833163515
2013,"TMobile","MT",-1.17318763303815
2013,"TMobile","ND",-1.05142655799135
2013,"TMobile","WY",-1.00156952584791
2013,"Verizon","AL",0.259322329306726
2013,"Verizon","AR",0.130675980729368
2013,"Verizon","AZ",0.451647507619946
2013,"Verizon","CA",1.03365952141061
2013,"Verizon","CO",0.634289402154873
2013,"Verizon","CT",0.866887234860192
2013,"Verizon","DC",1.40808483807663
2013,"Verizon","DE",0.59033945014567
2013,"Verizon","FL",0.452338884640082
2013,"Verizon","GA",0.612436889225297
2013,"Verizon","IA",0.243145548035307
2013,"Verizon","ID",0.178743724228176
2013,"Verizon","IL",0.606070727853198
2013,"Verizon","IN",0.243066170210019
2013,"Verizon","KS",0.271525566457788
2013,"Verizon","KY",0.0274371934111443
2013,"Verizon","LA",0.318035934664358
2013,"Verizon","MA",0.714212496581105
2013,"Verizon","MD",1.11134529676385
2013,"Verizon","ME",-0.0562476199922897
2013,"Verizon","MI",0.321236078505703
2013,"Verizon","MN",0.506874447252906
2013,"Verizon","MO",0.308218309156752
2013,"Verizon","MS",0.246894929415787
2013,"Verizon","NC",0.432088275263083
2013,"Verizon","NE",0.291876355476142
2013,"Verizon","NH",0.533098978372174
2013,"Verizon","NJ",0.918922602731317
2013,"Verizon","NM",0.431252413820258
2013,"Verizon","NV",0.532950051971349
2013,"Verizon","NY",0.711167565452194
2013,"Verizon","OH",0.272278599529998
2013,"Verizon","OK",0.153226778620168
2013,"Verizon","OR",0.366226239284017
2013,"Verizon","PA",0.440780072920729
2013,"Verizon","RI",0.508048327186633
2013,"Verizon","SC",0.367021579856404
2013,"Verizon","SD",0.0386445378425799
2013,"Verizon","TN",0.244204277488148
2013,"Verizon","TX",0.772551868788545
2013,"Verizon","UT",0.567842267877988
2013,"Verizon","VA",0.74566749586258
2013,"Verizon","VT",0.20326291140328
2013,"Verizon","WA",0.626428275264943
2013,"Verizon","WI",0.287031512017456
2013,"Verizon","WV",-0.0815533316351534
2013,"Verizon","MT",-0.000462633038152138
2013,"Verizon","ND",0.121298442008652
2013,"Verizon","WY",0.171155474152094
2014,"ATT","AL",-0.117966670693274
2014,"ATT","AR",-0.246613019270632
2014,"ATT","AZ",0.0743585076199456
2014,"ATT","CA",0.656370521410608
2014,"ATT","CO",0.257000402154873
2014,"ATT","CT",0.489598234860192
2014,"ATT","DC",1.03079583807663
2014,"ATT","DE",0.21305045014567
2014,"ATT","FL",0.0750498846400817
2014,"ATT","GA",0.235147889225297
2014,"ATT","IA",-0.134143451964693
2014,"ATT","ID",-0.198545275771824
2014,"ATT","IL",0.228781727853198
2014,"ATT","IN",-0.134222829789981
2014,"ATT","KS",-0.105763433542212
2014,"ATT","KY",-0.349851806588856
2014,"ATT","LA",-0.0592530653356422
2014,"ATT","MA",0.336923496581105
2014,"ATT","MD",0.734056296763853
2014,"ATT","ME",-0.43353661999229
2014,"ATT","MI",-0.0560529214942971
2014,"ATT","MN",0.129585447252906
2014,"ATT","MO",-0.0690706908432477
2014,"ATT","MS",-0.130394070584213
2014,"ATT","NC",0.0547992752630828
2014,"ATT","NE",-0.085412644523858
2014,"ATT","NH",0.155809978372174
2014,"ATT","NJ",0.541633602731317
2014,"ATT","NM",0.0539634138202582
2014,"ATT","NV",0.155661051971349
2014,"ATT","NY",0.333878565452193
2014,"ATT","OH",-0.105010400470002
2014,"ATT","OK",-0.224062221379832
2014,"ATT","OR",-0.0110627607159833
2014,"ATT","PA",0.0634910729207286
2014,"ATT","RI",0.130759327186633
2014,"ATT","SC",-0.0102674201435963
2014,"ATT","SD",-0.33864446215742
2014,"ATT","TN",-0.133084722511852
2014,"ATT","TX",0.395262868788545
2014,"ATT","UT",0.190553267877988
2014,"ATT","VA",0.36837849586258
2014,"ATT","VT",-0.17402608859672
2014,"ATT","WA",0.249139275264943
2014,"ATT","WI",-0.0902574879825439
2014,"ATT","WV",-0.458842331635153
2014,"ATT","MT",-0.377751633038152
2014,"ATT","ND",-0.255990557991348
2014,"ATT","WY",-0.206133525847906
2014,"Sprint","AL",-0.910013670693274
2014,"Sprint","AR",-1.03866001927063
2014,"Sprint","AZ",-0.717688492380054
2014,"Sprint","CA",-0.135676478589392
2014,"Sprint","CO",-0.535046597845127
2014,"Sprint","CT",-0.302448765139807
2014,"Sprint","DC",0.238748838076632
2014,"Sprint","DE",-0.57899654985433
2014,"Sprint","FL",-0.716997115359918
2014,"Sprint","GA",-0.556899110774703
2014,"Sprint","IA",-0.926190451964693
2014,"Sprint","ID",-0.990592275771824
2014,"Sprint","IL",-0.563265272146802
2014,"Sprint","IN",-0.926269829789981
2014,"Sprint","KS",-0.897810433542212
2014,"Sprint","KY",-1.14189880658886
2014,"Sprint","LA",-0.851300065335642
2014,"Sprint","MA",-0.455123503418895
2014,"Sprint","MD",-0.0579907032361474
2014,"Sprint","ME",-1.22558361999229
2014,"Sprint","MI",-0.848099921494297
2014,"Sprint","MN",-0.662461552747094
2014,"Sprint","MO",-0.861117690843248
2014,"Sprint","MS",-0.922441070584213
2014,"Sprint","NC",-0.737247724736917
2014,"Sprint","NE",-0.877459644523858
2014,"Sprint","NH",-0.636237021627826
2014,"Sprint","NJ",-0.250413397268683
2014,"Sprint","NM",-0.738083586179742
2014,"Sprint","NV",-0.636385948028651
2014,"Sprint","NY",-0.458168434547806
2014,"Sprint","OH",-0.897057400470002
2014,"Sprint","OK",-1.01610922137983
2014,"Sprint","OR",-0.803109760715983
2014,"Sprint","PA",-0.728555927079271
2014,"Sprint","RI",-0.661287672813367
2014,"Sprint","SC",-0.802314420143596
2014,"Sprint","SD",-1.13069146215742
2014,"Sprint","TN",-0.925131722511852
2014,"Sprint","TX",-0.396784131211455
2014,"Sprint","UT",-0.601493732122012
2014,"Sprint","VA",-0.42366850413742
2014,"Sprint","VT",-0.96607308859672
2014,"Sprint","WA",-0.542907724735057
2014,"Sprint","WI",-0.882304487982544
2014,"Sprint","WV",-1.25088933163515
2014,"Sprint","MT",-1.16979863303815
2014,"Sprint","ND",-1.04803755799135
2014,"Sprint","WY",-0.998180525847906
2014,"TMobile","AL",-0.983939670693274
2014,"TMobile","AR",-1.11258601927063
2014,"TMobile","AZ",-0.791614492380054
2014,"TMobile","CA",-0.209602478589392
2014,"TMobile","CO",-0.608972597845127
2014,"TMobile","CT",-0.376374765139807
2014,"TMobile","DC",0.164822838076632
2014,"TMobile","DE",-0.65292254985433
2014,"TMobile","FL",-0.790923115359918
2014,"TMobile","GA",-0.630825110774703
2014,"TMobile","IA",-1.00011645196469
2014,"TMobile","ID",-1.06451827577182
2014,"TMobile","IL",-0.637191272146802
2014,"TMobile","IN",-1.00019582978998
2014,"TMobile","KS",-0.971736433542212
2014,"TMobile","KY",-1.21582480658886
2014,"TMobile","LA",-0.925226065335642
2014,"TMobile","MA",-0.529049503418895
2014,"TMobile","MD",-0.131916703236147
2014,"TMobile","ME",-1.29950961999229
2014,"TMobile","MI",-0.922025921494297
2014,"TMobile","MN",-0.736387552747094
2014,"TMobile","MO",-0.935043690843248
2014,"TMobile","MS",-0.996367070584213
2014,"TMobile","NC",-0.811173724736917
2014,"TMobile","NE",-0.951385644523858
2014,"TMobile","NH",-0.710163021627826
2014,"TMobile","NJ",-0.324339397268683
2014,"TMobile","NM",-0.812009586179742
2014,"TMobile","NV",-0.710311948028651
2014,"TMobile","NY",-0.532094434547806
2014,"TMobile","OH",-0.970983400470002
2014,"TMobile","OK",-1.09003522137983
2014,"TMobile","OR",-0.877035760715983
2014,"TMobile","PA",-0.802481927079271
2014,"TMobile","RI",-0.735213672813367
2014,"TMobile","SC",-0.876240420143596
2014,"TMobile","SD",-1.20461746215742
2014,"TMobile","TN",-0.999057722511852
2014,"TMobile","TX",-0.470710131211455
2014,"TMobile","UT",-0.675419732122012
2014,"TMobile","VA",-0.49759450413742
2014,"TMobile","VT",-1.03999908859672
2014,"TMobile","WA",-0.616833724735057
2014,"TMobile","WI",-0.956230487982544
2014,"TMobile","WV",-1.32481533163515
2014,"TMobile","MT",-1.24372463303815
2014,"TMobile","ND",-1.12196355799135
2014,"TMobile","WY",-1.07210652584791
2014,"Verizon","AL",0.188785329306726
2014,"Verizon","AR",0.0601389807293676
2014,"Verizon","AZ",0.381110507619946
2014,"Verizon","CA",0.963122521410608
2014,"Verizon","CO",0.563752402154873
2014,"Verizon","CT",0.796350234860193
2014,"Verizon","DC",1.33754783807663
2014,"Verizon","DE",0.51980245014567
2014,"Verizon","FL",0.381801884640082
2014,"Verizon","GA",0.541899889225297
2014,"Verizon","IA",0.172608548035307
2014,"Verizon","ID",0.108206724228176
2014,"Verizon","IL",0.535533727853198
2014,"Verizon","IN",0.172529170210019
2014,"Verizon","KS",0.200988566457788
2014,"Verizon","KY",-0.0430998065888557
2014,"Verizon","LA",0.247498934664358
2014,"Verizon","MA",0.643675496581105
2014,"Verizon","MD",1.04080829676385
2014,"Verizon","ME",-0.12678461999229
2014,"Verizon","MI",0.250699078505703
2014,"Verizon","MN",0.436337447252906
2014,"Verizon","MO",0.237681309156752
2014,"Verizon","MS",0.176357929415787
2014,"Verizon","NC",0.361551275263083
2014,"Verizon","NE",0.221339355476142
2014,"Verizon","NH",0.462561978372174
2014,"Verizon","NJ",0.848385602731317
2014,"Verizon","NM",0.360715413820258
2014,"Verizon","NV",0.462413051971349
2014,"Verizon","NY",0.640630565452194
2014,"Verizon","OH",0.201741599529998
2014,"Verizon","OK",0.0826897786201678
2014,"Verizon","OR",0.295689239284017
2014,"Verizon","PA",0.370243072920729
2014,"Verizon","RI",0.437511327186633
2014,"Verizon","SC",0.296484579856404
2014,"Verizon","SD",-0.0318924621574201
2014,"Verizon","TN",0.173667277488148
2014,"Verizon","TX",0.702014868788545
2014,"Verizon","UT",0.497305267877988
2014,"Verizon","VA",0.67513049586258
2014,"Verizon","VT",0.13272591140328
2014,"Verizon","WA",0.555891275264943
2014,"Verizon","WI",0.216494512017456
2014,"Verizon","WV",-0.152090331635153
2014,"Verizon","MT",-0.0709996330381522
2014,"Verizon","ND",0.0507614420086518
2014,"Verizon","WY",0.100618474152094
2015,"ATT","AL",-0.224106670693274
2015,"ATT","AR",-0.352753019270632
2015,"ATT","AZ",-0.0317814923800544
2015,"ATT","CA",0.550230521410608
2015,"ATT","CO",0.150860402154873
2015,"ATT","CT",0.383458234860192
2015,"ATT","DC",0.924655838076632
2015,"ATT","DE",0.10691045014567
2015,"ATT","FL",-0.0310901153599183
2015,"ATT","GA",0.129007889225297
2015,"ATT","IA",-0.240283451964693
2015,"ATT","ID",-0.304685275771824
2015,"ATT","IL",0.122641727853198
2015,"ATT","IN",-0.240362829789981
2015,"ATT","KS",-0.211903433542212
2015,"ATT","KY",-0.455991806588856
2015,"ATT","LA",-0.165393065335642
2015,"ATT","MA",0.230783496581105
2015,"ATT","MD",0.627916296763853
2015,"ATT","ME",-0.53967661999229
2015,"ATT","MI",-0.162192921494297
2015,"ATT","MN",0.0234454472529064
2015,"ATT","MO",-0.175210690843248
2015,"ATT","MS",-0.236534070584213
2015,"ATT","NC",-0.0513407247369172
2015,"ATT","NE",-0.191552644523858
2015,"ATT","NH",0.0496699783721737
2015,"ATT","NJ",0.435493602731317
2015,"ATT","NM",-0.0521765861797418
2015,"ATT","NV",0.0495210519713488
2015,"ATT","NY",0.227738565452193
2015,"ATT","OH",-0.211150400470002
2015,"ATT","OK",-0.330202221379832
2015,"ATT","OR",-0.117202760715983
2015,"ATT","PA",-0.0426489270792714
2015,"ATT","RI",0.0246193271866328
2015,"ATT","SC",-0.116407420143596
2015,"ATT","SD",-0.44478446215742
2015,"ATT","TN",-0.239224722511852
2015,"ATT","TX",0.289122868788545
2015,"ATT","UT",0.0844132678779877
2015,"ATT","VA",0.26223849586258
2015,"ATT","VT",-0.28016608859672
2015,"ATT","WA",0.142999275264943
2015,"ATT","WI",-0.196397487982544
2015,"ATT","WV",-0.564982331635153
2015,"ATT","MT",-0.483891633038152
2015,"ATT","ND",-0.362130557991348
2015,"ATT","WY",-0.312273525847906
2015,"Sprint","AL",-1.01615367069327
2015,"Sprint","AR",-1.14480001927063
2015,"Sprint","AZ",-0.823828492380054
2015,"Sprint","CA",-0.241816478589392
2015,"Sprint","CO",-0.641186597845127
2015,"Sprint","CT",-0.408588765139807
2015,"Sprint","DC",0.132608838076632
2015,"Sprint","DE",-0.68513654985433
2015,"Sprint","FL",-0.823137115359918
2015,"Sprint","GA",-0.663039110774703
2015,"Sprint","IA",-1.03233045196469
2015,"Sprint","ID",-1.09673227577182
2015,"Sprint","IL",-0.669405272146802
2015,"Sprint","IN",-1.03240982978998
2015,"Sprint","KS",-1.00395043354221
2015,"Sprint","KY",-1.24803880658886
2015,"Sprint","LA",-0.957440065335642
2015,"Sprint","MA",-0.561263503418895
2015,"Sprint","MD",-0.164130703236147
2015,"Sprint","ME",-1.33172361999229
2015,"Sprint","MI",-0.954239921494297
2015,"Sprint","MN",-0.768601552747094
2015,"Sprint","MO",-0.967257690843248
2015,"Sprint","MS",-1.02858107058421
2015,"Sprint","NC",-0.843387724736917
2015,"Sprint","NE",-0.983599644523858
2015,"Sprint","NH",-0.742377021627826
2015,"Sprint","NJ",-0.356553397268683
2015,"Sprint","NM",-0.844223586179742
2015,"Sprint","NV",-0.742525948028651
2015,"Sprint","NY",-0.564308434547806
2015,"Sprint","OH",-1.00319740047
2015,"Sprint","OK",-1.12224922137983
2015,"Sprint","OR",-0.909249760715983
2015,"Sprint","PA",-0.834695927079271
2015,"Sprint","RI",-0.767427672813367
2015,"Sprint","SC",-0.908454420143596
2015,"Sprint","SD",-1.23683146215742
2015,"Sprint","TN",-1.03127172251185
2015,"Sprint","TX",-0.502924131211455
2015,"Sprint","UT",-0.707633732122012
2015,"Sprint","VA",-0.52980850413742
2015,"Sprint","VT",-1.07221308859672
2015,"Sprint","WA",-0.649047724735057
2015,"Sprint","WI",-0.988444487982544
2015,"Sprint","WV",-1.35702933163515
2015,"Sprint","MT",-1.27593863303815
2015,"Sprint","ND",-1.15417755799135
2015,"Sprint","WY",-1.10432052584791
2015,"TMobile","AL",-1.09007967069327
2015,"TMobile","AR",-1.21872601927063
2015,"TMobile","AZ",-0.897754492380054
2015,"TMobile","CA",-0.315742478589392
2015,"TMobile","CO",-0.715112597845127
2015,"TMobile","CT",-0.482514765139808
2015,"TMobile","DC",0.0586828380766322
2015,"TMobile","DE",-0.75906254985433
2015,"TMobile","FL",-0.897063115359918
2015,"TMobile","GA",-0.736965110774703
2015,"TMobile","IA",-1.10625645196469
2015,"TMobile","ID",-1.17065827577182
2015,"TMobile","IL",-0.743331272146802
2015,"TMobile","IN",-1.10633582978998
2015,"TMobile","KS",-1.07787643354221
2015,"TMobile","KY",-1.32196480658886
2015,"TMobile","LA",-1.03136606533564
2015,"TMobile","MA",-0.635189503418895
2015,"TMobile","MD",-0.238056703236148
2015,"TMobile","ME",-1.40564961999229
2015,"TMobile","MI",-1.0281659214943
2015,"TMobile","MN",-0.842527552747094
2015,"TMobile","MO",-1.04118369084325
2015,"TMobile","MS",-1.10250707058421
2015,"TMobile","NC",-0.917313724736917
2015,"TMobile","NE",-1.05752564452386
2015,"TMobile","NH",-0.816303021627826
2015,"TMobile","NJ",-0.430479397268683
2015,"TMobile","NM",-0.918149586179742
2015,"TMobile","NV",-0.816451948028651
2015,"TMobile","NY",-0.638234434547807
2015,"TMobile","OH",-1.07712340047
2015,"TMobile","OK",-1.19617522137983
2015,"TMobile","OR",-0.983175760715983
2015,"TMobile","PA",-0.908621927079271
2015,"TMobile","RI",-0.841353672813367
2015,"TMobile","SC",-0.982380420143596
2015,"TMobile","SD",-1.31075746215742
2015,"TMobile","TN",-1.10519772251185
2015,"TMobile","TX",-0.576850131211455
2015,"TMobile","UT",-0.781559732122012
2015,"TMobile","VA",-0.60373450413742
2015,"TMobile","VT",-1.14613908859672
2015,"TMobile","WA",-0.722973724735057
2015,"TMobile","WI",-1.06237048798254
2015,"TMobile","WV",-1.43095533163515
2015,"TMobile","MT",-1.34986463303815
2015,"TMobile","ND",-1.22810355799135
2015,"TMobile","WY",-1.17824652584791
2015,"Verizon","AL",0.0826453293067256
2015,"Verizon","AR",-0.0460010192706324
2015,"Verizon","AZ",0.274970507619946
2015,"Verizon","CA",0.856982521410608
2015,"Verizon","CO",0.457612402154873
2015,"Verizon","CT",0.690210234860193
2015,"Verizon","DC",1.23140783807663
2015,"Verizon","DE",0.41366245014567
2015,"Verizon","FL",0.275661884640082
2015,"Verizon","GA",0.435759889225297
2015,"Verizon","IA",0.0664685480353073
2015,"Verizon","ID",0.00206672422817555
2015,"Verizon","IL",0.429393727853198
2015,"Verizon","IN",0.0663891702100193
2015,"Verizon","KS",0.0948485664577881
2015,"Verizon","KY",-0.149239806588856
2015,"Verizon","LA",0.141358934664358
2015,"Verizon","MA",0.537535496581105
2015,"Verizon","MD",0.934668296763853
2015,"Verizon","ME",-0.23292461999229
2015,"Verizon","MI",0.144559078505703
2015,"Verizon","MN",0.330197447252906
2015,"Verizon","MO",0.131541309156752
2015,"Verizon","MS",0.0702179294157874
2015,"Verizon","NC",0.255411275263083
2015,"Verizon","NE",0.115199355476142
2015,"Verizon","NH",0.356421978372174
2015,"Verizon","NJ",0.742245602731317
2015,"Verizon","NM",0.254575413820258
2015,"Verizon","NV",0.356273051971349
2015,"Verizon","NY",0.534490565452194
2015,"Verizon","OH",0.095601599529998
2015,"Verizon","OK",-0.0234502213798322
2015,"Verizon","OR",0.189549239284017
2015,"Verizon","PA",0.264103072920729
2015,"Verizon","RI",0.331371327186633
2015,"Verizon","SC",0.190344579856404
2015,"Verizon","SD",-0.13803246215742
2015,"Verizon","TN",0.0675272774881479
2015,"Verizon","TX",0.595874868788545
2015,"Verizon","UT",0.391165267877988
2015,"Verizon","VA",0.56899049586258
2015,"Verizon","VT",0.0265859114032804
2015,"Verizon","WA",0.449751275264943
2015,"Verizon","WI",0.110354512017456
2015,"Verizon","WV",-0.258230331635153
2015,"Verizon","MT",-0.177139633038152
2015,"Verizon","ND",-0.0553785579913482
2015,"Verizon","WY",-0.00552152584790577
2016,"ATT","AL",-0.305897670693274
2016,"ATT","AR",-0.434544019270632
2016,"ATT","AZ",-0.113572492380054
2016,"ATT","CA",0.468439521410608
2016,"ATT","CO",0.0690694021548728
2016,"ATT","CT",0.301667234860192
2016,"ATT","DC",0.842864838076632
2016,"ATT","DE",0.0251194501456697
2016,"ATT","FL",-0.112881115359918
2016,"ATT","GA",0.0472168892252972
2016,"ATT","IA",-0.322074451964693
2016,"ATT","ID",-0.386476275771824
2016,"ATT","IL",0.0408507278531978
2016,"ATT","IN",-0.322153829789981
2016,"ATT","KS",-0.293694433542212
2016,"ATT","KY",-0.537782806588856
2016,"ATT","LA",-0.247184065335642
2016,"ATT","MA",0.148992496581105
2016,"ATT","MD",0.546125296763853
2016,"ATT","ME",-0.62146761999229
2016,"ATT","MI",-0.243983921494297
2016,"ATT","MN",-0.0583455527470936
2016,"ATT","MO",-0.257001690843248
2016,"ATT","MS",-0.318325070584213
2016,"ATT","NC",-0.133131724736917
2016,"ATT","NE",-0.273343644523858
2016,"ATT","NH",-0.0321210216278263
2016,"ATT","NJ",0.353702602731317
2016,"ATT","NM",-0.133967586179742
2016,"ATT","NV",-0.0322699480286512
2016,"ATT","NY",0.145947565452194
2016,"ATT","OH",-0.292941400470002
2016,"ATT","OK",-0.411993221379832
2016,"ATT","OR",-0.198993760715983
2016,"ATT","PA",-0.124439927079271
2016,"ATT","RI",-0.0571716728133672
2016,"ATT","SC",-0.198198420143596
2016,"ATT","SD",-0.52657546215742
2016,"ATT","TN",-0.321015722511852
2016,"ATT","TX",0.207331868788545
2016,"ATT","UT",0.00262226787798775
2016,"ATT","VA",0.18044749586258
2016,"ATT","VT",-0.36195708859672
2016,"ATT","WA",0.0612082752649429
2016,"ATT","WI",-0.278188487982544
2016,"ATT","WV",-0.646773331635153
2016,"ATT","MT",-0.565682633038152
2016,"ATT","ND",-0.443921557991348
2016,"ATT","WY",-0.394064525847906
2016,"Sprint","AL",-1.09794467069327
2016,"Sprint","AR",-1.22659101927063
2016,"Sprint","AZ",-0.905619492380054
2016,"Sprint","CA",-0.323607478589392
2016,"Sprint","CO",-0.722977597845127
2016,"Sprint","CT",-0.490379765139807
2016,"Sprint","DC",0.0508178380766324
2016,"Sprint","DE",-0.76692754985433
2016,"Sprint","FL",-0.904928115359918
2016,"Sprint","GA",-0.744830110774703
2016,"Sprint","IA",-1.11412145196469
2016,"Sprint","ID",-1.17852327577182
2016,"Sprint","IL",-0.751196272146802
2016,"Sprint","IN",-1.11420082978998
2016,"Sprint","KS",-1.08574143354221
2016,"Sprint","KY",-1.32982980658886
2016,"Sprint","LA",-1.03923106533564
2016,"Sprint","MA",-0.643054503418895
2016,"Sprint","MD",-0.245921703236147
2016,"Sprint","ME",-1.41351461999229
2016,"Sprint","MI",-1.0360309214943
2016,"Sprint","MN",-0.850392552747093
2016,"Sprint","MO",-1.04904869084325
2016,"Sprint","MS",-1.11037207058421
2016,"Sprint","NC",-0.925178724736917
2016,"Sprint","NE",-1.06539064452386
2016,"Sprint","NH",-0.824168021627826
2016,"Sprint","NJ",-0.438344397268683
2016,"Sprint","NM",-0.926014586179742
2016,"Sprint","NV",-0.824316948028651
2016,"Sprint","NY",-0.646099434547806
2016,"Sprint","OH",-1.08498840047
2016,"Sprint","OK",-1.20404022137983
2016,"Sprint","OR",-0.991040760715983
2016,"Sprint","PA",-0.916486927079271
2016,"Sprint","RI",-0.849218672813367
2016,"Sprint","SC",-0.990245420143596
2016,"Sprint","SD",-1.31862246215742
2016,"Sprint","TN",-1.11306272251185
2016,"Sprint","TX",-0.584715131211454
2016,"Sprint","UT",-0.789424732122012
2016,"Sprint","VA",-0.61159950413742
2016,"Sprint","VT",-1.15400408859672
2016,"Sprint","WA",-0.730838724735057
2016,"Sprint","WI",-1.07023548798254
2016,"Sprint","WV",-1.43882033163515
2016,"Sprint","MT",-1.35772963303815
2016,"Sprint","ND",-1.23596855799135
2016,"Sprint","WY",-1.18611152584791
2016,"TMobile","AL",-1.17187067069327
2016,"TMobile","AR",-1.30051701927063
2016,"TMobile","AZ",-0.979545492380054
2016,"TMobile","CA",-0.397533478589392
2016,"TMobile","CO",-0.796903597845127
2016,"TMobile","CT",-0.564305765139808
2016,"TMobile","DC",-0.0231081619233677
2016,"TMobile","DE",-0.84085354985433
2016,"TMobile","FL",-0.978854115359918
2016,"TMobile","GA",-0.818756110774703
2016,"TMobile","IA",-1.18804745196469
2016,"TMobile","ID",-1.25244927577182
2016,"TMobile","IL",-0.825122272146802
2016,"TMobile","IN",-1.18812682978998
2016,"TMobile","KS",-1.15966743354221
2016,"TMobile","KY",-1.40375580658886
2016,"TMobile","LA",-1.11315706533564
2016,"TMobile","MA",-0.716980503418895
2016,"TMobile","MD",-0.319847703236148
2016,"TMobile","ME",-1.48744061999229
2016,"TMobile","MI",-1.1099569214943
2016,"TMobile","MN",-0.924318552747094
2016,"TMobile","MO",-1.12297469084325
2016,"TMobile","MS",-1.18429807058421
2016,"TMobile","NC",-0.999104724736917
2016,"TMobile","NE",-1.13931664452386
2016,"TMobile","NH",-0.898094021627826
2016,"TMobile","NJ",-0.512270397268683
2016,"TMobile","NM",-0.999940586179742
2016,"TMobile","NV",-0.898242948028651
2016,"TMobile","NY",-0.720025434547807
2016,"TMobile","OH",-1.15891440047
2016,"TMobile","OK",-1.27796622137983
2016,"TMobile","OR",-1.06496676071598
2016,"TMobile","PA",-0.990412927079271
2016,"TMobile","RI",-0.923144672813367
2016,"TMobile","SC",-1.0641714201436
2016,"TMobile","SD",-1.39254846215742
2016,"TMobile","TN",-1.18698872251185
2016,"TMobile","TX",-0.658641131211455
2016,"TMobile","UT",-0.863350732122012
2016,"TMobile","VA",-0.68552550413742
2016,"TMobile","VT",-1.22793008859672
2016,"TMobile","WA",-0.804764724735057
2016,"TMobile","WI",-1.14416148798254
2016,"TMobile","WV",-1.51274633163515
2016,"TMobile","MT",-1.43165563303815
2016,"TMobile","ND",-1.30989455799135
2016,"TMobile","WY",-1.26003752584791
2016,"Verizon","AL",0.000854329306725646
2016,"Verizon","AR",-0.127792019270632
2016,"Verizon","AZ",0.193179507619946
2016,"Verizon","CA",0.775191521410608
2016,"Verizon","CO",0.375821402154873
2016,"Verizon","CT",0.608419234860192
2016,"Verizon","DC",1.14961683807663
2016,"Verizon","DE",0.33187145014567
2016,"Verizon","FL",0.193870884640082
2016,"Verizon","GA",0.353968889225297
2016,"Verizon","IA",-0.0153224519646927
2016,"Verizon","ID",-0.0797242757718244
2016,"Verizon","IL",0.347602727853198
2016,"Verizon","IN",-0.0154018297899806
2016,"Verizon","KS",0.0130575664577881
2016,"Verizon","KY",-0.231030806588856
2016,"Verizon","LA",0.0595679346643578
2016,"Verizon","MA",0.455744496581105
2016,"Verizon","MD",0.852877296763852
2016,"Verizon","ME",-0.31471561999229
2016,"Verizon","MI",0.0627680785057029
2016,"Verizon","MN",0.248406447252906
2016,"Verizon","MO",0.0497503091567523
2016,"Verizon","MS",-0.0115730705842126
2016,"Verizon","NC",0.173620275263083
2016,"Verizon","NE",0.0334083554761421
2016,"Verizon","NH",0.274630978372174
2016,"Verizon","NJ",0.660454602731317
2016,"Verizon","NM",0.172784413820258
2016,"Verizon","NV",0.274482051971349
2016,"Verizon","NY",0.452699565452194
2016,"Verizon","OH",0.013810599529998
2016,"Verizon","OK",-0.105241221379832
2016,"Verizon","OR",0.107758239284017
2016,"Verizon","PA",0.182312072920729
2016,"Verizon","RI",0.249580327186633
2016,"Verizon","SC",0.108553579856404
2016,"Verizon","SD",-0.21982346215742
2016,"Verizon","TN",-0.0142637225118521
2016,"Verizon","TX",0.514083868788545
2016,"Verizon","UT",0.309374267877988
2016,"Verizon","VA",0.48719949586258
2016,"Verizon","VT",-0.0552050885967196
2016,"Verizon","WA",0.367960275264943
2016,"Verizon","WI",0.0285635120174561
2016,"Verizon","WV",-0.340021331635153
2016,"Verizon","MT",-0.258930633038152
2016,"Verizon","ND",-0.137169557991348
2016,"Verizon","WY",-0.0873125258479057
